avg_new_tokens,avg_peak_mem_mb,avg_prompt_tokens,avg_tokens_per_sec,avg_total_time_s,device,runs,use_cache
128.0,0.029947916666666668,5.0,26.40703232088805,4.869186151666781,cpu,3,True
109.0,9.16796875,5.0,8.452980565816466,13.688542643333221,cpu,3,False
