use_cache,run_idx,device,total_time_s,prompt_tokens,new_tokens,tokens_per_sec,peak_mem_mb,note
False,1,cpu,6.664159146999964,5,71,10.654007269913775,4.31640625,
False,2,cpu,17.419251288999988,5,128,7.34819182962417,11.79296875,
False,3,cpu,17.274993236,5,128,7.40955427601882,0.0625,
True,1,cpu,5.032704446000025,5,128,25.433641369847166,0.01953125,
True,2,cpu,5.12001355000001,5,128,24.999933838065672,0.0,
True,3,cpu,4.3328448309999885,5,128,29.54179182328543,0.01171875,
